title;content;excerpt;status;type;expires;discount_value;code;printable_url;destination_url;store;category;date;exclusive;author;store_name;store_slug;store_description;store_parent;store_url;store_aff_url;store_heading;store_is_featured;store_extra_info;store_image;category_name;category_slug;category_description;category_parent;category_icon;category_cat_image
Treine em casa com os melhores artigos esportivos;;;publish;code;31/03/2021 23:59;15;TREINEEMCASA;https://www.centauro.com.br/;https://redir.lomadee.com/v2/874c0a42cb;Centauro;Esportes e Lazer;;;;;;;;;;;;;;;;;;;
10% de desconto em toda loja.;;;publish;code;31/03/2021 23:59;10;color10;https://www.colorbrinque.com.br/;https://redir.lomadee.com/v2/876eeacdc8;Color Brinque;Brinquedos;;;;;;;;;;;;;;;;;;;
FRETE GRÁTIS na Comix acima de R$99,90 (sudeste);;;publish;sale;31/03/2021 23:59;20;URL CUPONADA;https://www.comix.com.br/;https://redir.lomadee.com/v2/87dce1bd5d;Comix;Livros;;;;;;;;;;;;;;;;;;;
FRETE GRÁTIS na Comix acima de R$99,90 (sudeste);;;publish;sale;31/03/2021 23:59;20;URL CUPONADA;https://www.comix.com.br/;https://redir.lomadee.com/v2/87d4bff64d;Comix;CD DVD e Blu-Ray;;;;;;;;;;;;;;;;;;;
91% de desconto DESCOMPLICA TOP na Descomplica;;;publish;code;31/03/2021 23:59;91;DESC-TOP2020;https://descomplica.com.br/;https://redir.lomadee.com/v2/87d8a03c8f;Descomplica;Mais Ofertas;;;;;;;;;;;;;;;;;;;
Leve 6 e pague 4 em almofadas na DesignUP;;;publish;code;31/03/2021 23:59;0;LEVE6PAGUE4;https://www.designupliving.com/;https://redir.lomadee.com/v2/878d67267b;DesignUP Living;Casa e Decoração;;;;;;;;;;;;;;;;;;;
R$100,00 de desconto em compras acima de R$350,00 de quadros e placas na DesignUP;;;publish;code;31/03/2021 23:59;100;PAREDE100;https://www.designupliving.com/;https://redir.lomadee.com/v2/8776ad8632;DesignUP Living;Casa e Decoração;;;;;;;;;;;;;;;;;;;
R$50,00 de desconto em qualquer compra a partir de R$200,00 na DesignUp;;;publish;code;31/03/2021 23:59;50;TOMA50;https://www.designupliving.com/;https://redir.lomadee.com/v2/87088efd43;DesignUP Living;Casa e Decoração;;;;;;;;;;;;;;;;;;;
R$10,00 de desconto em qualquer compra a partir de R$30,00 na DesignUp;;;publish;code;31/03/2021 23:59;10;TOMA10;https://www.designupliving.com/;https://redir.lomadee.com/v2/87088efd43;DesignUP Living;Casa e Decoração;;;;;;;;;;;;;;;;;;;
Suportes Legs Pinus com Vasos Brancos de R$189,90 por R$149,90 na DesignUp;;;publish;code;31/03/2021 23:59;0;SUPORTESPOR149;https://www.designupliving.com/;https://redir.lomadee.com/v2/87540ac273;DesignUP Living;Casa e Decoração;;;;;;;;;;;;;;;;;;;
15% de desconto em todos os Pegboards na DesignUp;;;publish;code;31/03/2021 23:59;15;PEGBOARD15OFF;https://www.designupliving.com/;https://redir.lomadee.com/v2/87c97294e7;DesignUP Living;Casa e Decoração;;;;;;;;;;;;;;;;;;;
20% de desconto em todos os Hangers na DesignUp;;;publish;code;31/03/2021 23:59;20;HANGER20;https://www.designupliving.com/;https://redir.lomadee.com/v2/8773779083;DesignUP Living;Casa e Decoração;;;;;;;;;;;;;;;;;;;
R$25 de desconto no curso Gestão de Conflitos de Hilda Scarcella;;;publish;code;31/03/2021 23:59;25;25OFFGCA;https://www.ead360graus.com.br/;https://redir.lomadee.com/v2/87a95558c5;EAD 360 GRAUS;Mais Ofertas;;;;;;;;;;;;;;;;;;;
R$25 de desconto no Curso Planejamento Estratégico de Vanesca Lopes;;;publish;code;31/03/2021 23:59;25;25OFFPEA;https://www.ead360graus.com.br/;https://redir.lomadee.com/v2/87e40356ee;EAD 360 GRAUS;Mais Ofertas;;;;;;;;;;;;;;;;;;;
+30% de desconto em todos os livros na Editora Foco!;;;publish;code;31/03/2021 23:59;30;CONSUMIDOR30;https://www.editorafoco.com.br/;https://redir.lomadee.com/v2/871ac369c6;Editora Foco;Livros;;;;;;;;;;;;;;;;;;;
FRETE GRÁTIS para compras acima de R$ 60,00 na Editora Foco!;;;publish;code;31/03/2021 23:59;0;FIQUEEMCASA;https://www.editorafoco.com.br/;https://redir.lomadee.com/v2/871ac369c6;Editora Foco;Livros;;;;;;;;;;;;;;;;;;;
R$ 125 OFF na Electrolux (válido somente para produtos com selo por tempo indetermidado);;;publish;code;31/03/2021 23:59;125;OFF125;https://loja.electrolux.com.br/;https://redir.lomadee.com/v2/87308bd9eb;Electrolux;Eletrodomésticos;;;;;;;;;;;;;;;;;;;
R$ 50 OFF na Electrolux (válido somente para produtos com selo por tempo indetermidado);;;publish;code;31/03/2021 23:59;50;OFF50;https://loja.electrolux.com.br/;https://redir.lomadee.com/v2/87308bd9eb;Electrolux;Eletrodomésticos;;;;;;;;;;;;;;;;;;;
R$ 25 OFF na Electrolux (válido somente para produtos com selo por tempo indetermidado);;;publish;code;31/03/2021 23:59;25;OFF25;https://loja.electrolux.com.br/;https://redir.lomadee.com/v2/87308bd9eb;Electrolux;Eletrodomésticos;;;;;;;;;;;;;;;;;;;
30% de desconto nas FLORES no FOUND IT!;;;publish;code;31/03/2021 23:59;30;FLORES30;https://www.foundit.com.br/;https://redir.lomadee.com/v2/877ab70277;Found IT;Casa e Decoração;;;;;;;;;;;;;;;;;;;
FRETE GRÁTIS em compras acima de R$ 179,00 no FOUND IT!;;;publish;sale;31/03/2021 23:59;100;URL CUPONADA;https://www.foundit.com.br/;https://redir.lomadee.com/v2/871caba416;Found IT;Casa e Decoração;;;;;;;;;;;;;;;;;;;
18% de desconto na PRIMEIRA COMPRA no FOUND IT!;;;publish;code;31/03/2021 23:59;18;PRIMEIRA18;https://www.foundit.com.br/;https://redir.lomadee.com/v2/871caba416;Found IT;Casa e Decoração;;;;;;;;;;;;;;;;;;;
12%OFF TODO SITE;;;publish;code;31/03/2021 23:59;12;GANHOU12;https://www.foundit.com.br/;https://redir.lomadee.com/v2/871caba416;Found IT;Casa e Decoração;;;;;;;;;;;;;;;;;;;
15% de desconto em PRESENTES DE PÁSCOA;;;publish;code;31/03/2021 23:59;15;DESCONTO15;https://www.foundit.com.br/;https://redir.lomadee.com/v2/87f72dd9b1;Found IT;Casa e Decoração;;;;;;;;;;;;;;;;;;;
R$50 de desconto em compras acima de R$ 250,00 no FOUND IT!;;;publish;code;31/03/2021 23:59;50;50REAIS;https://www.foundit.com.br/;https://redir.lomadee.com/v2/871caba416;Found IT;Mais Ofertas;;;;;;;;;;;;;;;;;;;
R$ 50 de desconto em Ar condicionado na Frio Peças;;;publish;code;31/03/2021 23:59;50;50DESC;https://www.friopecas.com.br/;https://redir.lomadee.com/v2/8717d5b711;Frio Peças;Eletrodomésticos;;;;;;;;;;;;;;;;;;;
Até 10% de desconto em todo site no Frio Peças;;;publish;code;31/03/2021 23:59;10;ATE10FRIOPECAS;https://www.friopecas.com.br/;https://redir.lomadee.com/v2/8717d5b711;Frio Peças;Eletrodomésticos;;;;;;;;;;;;;;;;;;;
R$ 30 de desconto em Eletrodomésticos no Frio Peças;;;publish;code;31/03/2021 23:59;30;30DESC;https://www.friopecas.com.br/;https://redir.lomadee.com/v2/8717d5b711;Frio Peças;Eletrodomésticos;;;;;;;;;;;;;;;;;;;
5% de desconto em seleção de ofertas na Gazin;;;publish;code;31/03/2021 23:59;5;LOMADEE05;https://www.gazin.com.br/;https://redir.lomadee.com/v2/87b5ca5679;Gazin;Eletrodomésticos;;;;;;;;;;;;;;;;;;;
40% de desconto sobre preço de capa nos e-books selecionados (confira as regras no site) no Grupo A;;;publish;code;31/03/2021 23:59;40;FIQUEEMCASA;https://www.grupoa.com.br/;https://redir.lomadee.com/v2/87b758ddbb;Grupo A;Livros;;;;;;;;;;;;;;;;;;;
Aulas de Musica - Acesse todo o conteudo com 1400 aulas (guitarra, Bateria, Violão, Canto e Teclado) APENAS R$ 39,90 reais por mes;;;publish;sale;31/03/2021 23:59;45;URL CUPONADA;https://www.guitarpedia.com.br/;https://redir.lomadee.com/v2/87afda3244;Guitarpedia;Esportes e Lazer;;;;;;;;;;;;;;;;;;;
45%  Desconto - Assinatura Anual com ACESSO TOTAL aos Cursos de Guitarra, Violão, Teclado, Bateria e Canto;;;publish;sale;31/03/2021 23:59;45;URL CUPONADA;https://www.guitarpedia.com.br/;https://redir.lomadee.com/v2/8743ce1c81;Guitarpedia;Esportes e Lazer;;;;;;;;;;;;;;;;;;;
Assinatura Anual de Cursos de Musica (Guitarra, Violao, Bateria, Canto, Teclado) com 20%;;;publish;sale;31/03/2021 23:59;20;URL CUPONADA;https://www.guitarpedia.com.br/;https://redir.lomadee.com/v2/8743ce1c81;Guitarpedia;Mais Ofertas;;;;;;;;;;;;;;;;;;;
FRETE GRÁTIS (CAPITAIS) A PARTIR DE R$200 EM TODO SITE;;;publish;sale;31/03/2021 23:59;0;URL CUPONADA;https://www.homeis.com.br/;https://redir.lomadee.com/v2/87632dcff9;Home is…;Casa e Decoração;;;;;;;;;;;;;;;;;;;
R$20 OFF NAS COMPRAS A PARTIR DE R$200;;;publish;code;31/03/2021 23:59;20;EUMERECO;https://www.homeis.com.br/;https://redir.lomadee.com/v2/87632dcff9;Home is...;Casa e Decoração;;;;;;;;;;;;;;;;;;;
5% De Desconto em Acessórios de Robôs Aspiradores e Passa Pano da iRobot;;;publish;code;31/03/2021 23:59;5;UPGRADE;https://www.irobotloja.com.br/;https://redir.lomadee.com/v2/878854c972;iRobot;Eletrodomésticos;;;;;;;;;;;;;;;;;;;
Fique em Casa com Koralle;;;publish;code;31/03/2021 23:59;10;FIQUEEMCASA;https://www.koralle.com.br/;https://redir.lomadee.com/v2/87754bcca2;Koralle;Mais Ofertas;;;;;;;;;;;;;;;;;;;
Frete grátis em todo o site na Lendari Store;;;publish;code;31/03/2021 23:59;100;FRETE000;https://www.lendaristore.com.br/;https://redir.lomadee.com/v2/879d5c39e5;Lendari Store;Livros;;;;;;;;;;;;;;;;;;;
Até R$ 1.500 de desconto em Notebooks e PCs na Lenovo;;;publish;code;31/03/2021 23:59;1500;LNV2020;https://www.lenovo.com/;https://redir.lomadee.com/v2/873947607e;Lenovo;Informática;;;;;;;;;;;;;;;;;;;
5% de desconto em toda a loja;;;publish;code;31/03/2021 23:59;5;SOUFLORENCE;https://www.livrariaflorence.com.br/;https://redir.lomadee.com/v2/87616f1cef;Livraria Florence;Livros;;;;;;;;;;;;;;;;;;;
GANHE um Massageador de Caju em compras acima de R$110 na Loccitane Au Bresil;;;publish;code;31/03/2021 23:59;0;BRINDECAJU;https://br.loccitaneaubresil.com/;https://redir.lomadee.com/v2/877e52b378;Loccitane;Saúde e Beleza;;;;;;;;;;;;;;;;;;;
Ganhe R$50 de desconto em compras acima de $220 na linha Caju na Loccitane Au Bresil;;;publish;code;31/03/2021 23:59;50;CAJU50OFF;https://br.loccitaneaubresil.com/;https://redir.lomadee.com/v2/87565d7dbf;Loccitane;Saúde e Beleza;;;;;;;;;;;;;;;;;;;
GANHE uma Bolsa SHOULDER em compras acima de R$350 na Loccitane Au Bresil;;;publish;code;31/03/2021 23:59;0;SHOULDER350;https://br.loccitaneaubresil.com/;https://redir.lomadee.com/v2/87e9af60d9;Loccitane;Saúde e Beleza;;;;;;;;;;;;;;;;;;;
GANHE uma toalha exclusiva em compras acima de R$250 com algum produto da linha de Bagunça na Loccitane Au Bresil;;;publish;code;31/03/2021 23:59;0;TOALHABAGUNÇA;https://br.loccitaneaubresil.com/;https://redir.lomadee.com/v2/87b728d829;Loccitane;Saúde e Beleza;;;;;;;;;;;;;;;;;;;
GANHE uma Lancheira Água de Coco à sua escolha em compras acima de R$ 220 na Loccitane Au Bresil;;;publish;code;31/03/2021 23:59;0;LANCHEIRA220;https://br.loccitaneaubresil.com/;https://redir.lomadee.com/v2/878218de49;Loccitane;Saúde e Beleza;;;;;;;;;;;;;;;;;;;
GANHE uma Bolsa Exclusiva em compras acima de R$230 na Loccitane Au Bresil;;;publish;code;31/03/2021 23:59;0;BOLSAVIP;https://br.loccitaneaubresil.com/;https://redir.lomadee.com/v2/87d5e18666;Loccitane;Saúde e Beleza;;;;;;;;;;;;;;;;;;;
DESC5 - Cupom de 5% Geral para todo o site em qualquer produto;;;publish;code;31/03/2021 23:59;5;DESC5;https://lojasmm.com/;https://redir.lomadee.com/v2/8790a696e9;LojasMM;Mais Ofertas;;;;;;;;;;;;;;;;;;;
FRETE GRÁTIS QUALQUER COMPRA;;;publish;sale;31/03/2021 23:59;0;URL CUPONADA;https://www.magrelashop.com.br/;https://redir.lomadee.com/v2/878c894a4b;Magrela Shop;Saúde e Beleza;;;;;;;;;;;;;;;;;;;
DESCONTO DE 10% EM TODO SITE.;;;publish;code;31/03/2021 23:59;10;LOMADEE;https://mamorena.com.br/;https://redir.lomadee.com/v2/87022e3415;Mamorena;Moda e Acessórios;;;;;;;;;;;;;;;;;;;
#FiqueEmCasa - 5% de desconto em categorias vendidas e entregue por Mobly;;;publish;code;31/03/2021 23:59;5;EMCASACOMMOBLY;https://www.mobly.com.br/;https://redir.lomadee.com/v2/87d27c503f;Mobly;Casa e Decoração;;;;;;;;;;;;;;;;;;;
25% Off PARA COMPRAS ACIMA DE R$ 50,00 PARA MÊS DO CONSUMIDOR;;;publish;code;31/03/2021 23:59;25;mesconsumidor;https://www.nathusbrasil.com.br/;https://redir.lomadee.com/v2/8743220c43;Nathus Brasil;Saúde e Beleza;;;;;;;;;;;;;;;;;;;
Coleção Gio Ewbank. Compras acima de R$ 399,00, desconto de R$ 50,00 em todo site.;;;publish;code;31/03/2021 23:59;50;NB50;https://newbeach.com.br/;https://redir.lomadee.com/v2/87a4e20e1b;Newbeach;Moda e Acessórios;;;;;;;;;;;;;;;;;;;
Coleção Gio Ewbank. Compras acima de R$ 699,00, desconto de R$ 100,00 em todo site.;;;publish;code;31/03/2021 23:59;100;NB100;https://newbeach.com.br/;https://redir.lomadee.com/v2/87a4e20e1b;Newbeach;Moda e Acessórios;;;;;;;;;;;;;;;;;;;
Frete Grátis em todo site.;;;publish;sale;31/03/2021 23:59;0;URL CUPONADA;https://newbeach.com.br/;https://redir.lomadee.com/v2/87a4e20e1b;Newbeach;Moda e Acessórios;;;;;;;;;;;;;;;;;;;
CUPOM: VIDASAUDAVEL para ganhar desconto no seu primeiro NutriBullet!;;;publish;code;31/03/2021 23:59;5;vidasaudavel;https://www.nutribulletbrasil.com.br/;https://redir.lomadee.com/v2/873c5f83cc;NutriBullet;Eletrodomésticos;;;;;;;;;;;;;;;;;;;
CUPOM: VIDASAUDAVEL Faça sucos para imunidade sem sair de casa! Transforme sua alimentação com NutriBullet!;;;publish;code;31/03/2021 23:59;5;vidasaudavel;https://www.nutribulletbrasil.com.br/;https://redir.lomadee.com/v2/873c5f83cc;NutriBullet;Eletrodomésticos;;;;;;;;;;;;;;;;;;;
10% de desconto em todo Site na Pajaris;;;publish;code;31/03/2021 23:59;10;PROMO10;https://www.pajaris.com.br/;https://redir.lomadee.com/v2/8773dd07c7;Pajaris;Moda e Acessórios;;;;;;;;;;;;;;;;;;;
Frete PAC Grátis em todo site na Pajaris;;;publish;code;31/03/2021 23:59;0;FRETEOFF;https://www.pajaris.com.br/;https://redir.lomadee.com/v2/8773dd07c7;Pajaris;Moda e Acessórios;;;;;;;;;;;;;;;;;;;
40% de desconto em TODO SITE na Pajaris;;;publish;code;31/03/2021 23:59;40;RX4KLN;https://www.pajaris.com.br/;https://redir.lomadee.com/v2/8773dd07c7;Pajaris;Moda e Acessórios;;;;;;;;;;;;;;;;;;;
10% de desconto em primeira compra no Petit Louarth;;;publish;code;31/03/2021 23:59;10;PETIT10;https://www.petitlouarth.com.br/;https://redir.lomadee.com/v2/872dba8e27;Petit Louarth;Brinquedos;;;;;;;;;;;;;;;;;;;
TODO SITE COM +10% OFF NO BOLETO;;;publish;sale;31/03/2021 23:59;10;URL CUPONADA;https://www.quintadellarte.com.br/;https://redir.lomadee.com/v2/87973f3923;QUINTA DELL'ARTE;Casa e Decoração;;;;;;;;;;;;;;;;;;;
PEÇAS EM PORCELANA COM 40% OFF;;;publish;sale;31/03/2021 23:59;40;URL CUPONADA;https://www.quintadellarte.com.br/;https://redir.lomadee.com/v2/871e3551a1;QUINTA DELL'ARTE;Casa e Decoração;;;;;;;;;;;;;;;;;;;
PEÇAS EM FERRO FUNDIDO COM 10% OFF;;;publish;sale;31/03/2021 23:59;10;URL CUPONADA;https://www.quintadellarte.com.br/;https://redir.lomadee.com/v2/8730e82ea1;QUINTA DELL'ARTE;Casa e Decoração;;;;;;;;;;;;;;;;;;;
R$20 OFF NA PRIMEIRA COMPRA;;;publish;code;31/03/2021 23:59;20;QUINTA20;https://www.quintadellarte.com.br/;https://redir.lomadee.com/v2/87973f3923;QUINTA DELL'ARTE;Casa e Decoração;;;;;;;;;;;;;;;;;;;
10% de desconto na primeira compra;;;publish;code;31/03/2021 23:59;10;FIRST10;https://www.repassa.com.br/;https://redir.lomadee.com/v2/877b3876e1;Repassa;Moda e Acessórios;;;;;;;;;;;;;;;;;;;
Frete grátis em compras acima de R$ 300,00;;;publish;code;31/03/2021 23:59;0;ZEROFRETE;https://www.repassa.com.br/;https://redir.lomadee.com/v2/877b3876e1;Repassa;Moda e Acessórios;;;;;;;;;;;;;;;;;;;
Oferta especial para clientes Lomadee.;;;publish;code;31/03/2021 23:59;15;LOMADEE;https://rzmshop.com.br/;https://redir.lomadee.com/v2/87e77df944;RZM Shop;Moda e Acessórios;;;;;;;;;;;;;;;;;;;
10% de desconto em produtos Fun Kitchen no Shoptime;;;publish;code;31/03/2021 23:59;10;FUN10;https://www.shoptime.com.br/;https://redir.lomadee.com/v2/87298e732d;Shoptime;Casa e Decoração;;;;;;;;;;;;;;;;;;;
10% de desconto em seleção de produtos Fun Kitchen e La Cuisine no Shoptime;;;publish;code;31/03/2021 23:59;10;RECEITA10;https://www.shoptime.com.br/;https://redir.lomadee.com/v2/871e26ce1c;Shoptime;Casa e Decoração;;;;;;;;;;;;;;;;;;;
10% de desconto em seleção de Casa & Conforto no Shoptime;;;publish;code;31/03/2021 23:59;10;TEMCONFORTO10;https://www.shoptime.com.br/;https://redir.lomadee.com/v2/87baa0bb3e;Shoptime;Casa e Decoração;;;;;;;;;;;;;;;;;;;
R$ 50,00 de desconto em compras acima de R$ 450,00 no Shoptime. Exceto: https://www.shoptime.com.br/landingpage/exceto-tech50?opn=AFLSHOP&epar=b2wafiliados. Apenas um uso por CPF;;;publish;code;31/03/2021 23:59;0;TECH50;https://www.shoptime.com.br/;https://redir.lomadee.com/v2/872ed6064c;Shoptime;Mais Ofertas;;;;;;;;;;;;;;;;;;;
R$ 100,00 de desconto em compras acima de R$ 950,00 no Shoptime. Exceto: https://www.shoptime.com.br/landingpage/exceto-tech100?opn=AFLSHOP&epar=b2wafiliados. Apenas um uso por CPF;;;publish;code;31/03/2021 23:59;0;TECH100;https://www.shoptime.com.br/;https://redir.lomadee.com/v2/87d0e7d699;Shoptime;Mais Ofertas;;;;;;;;;;;;;;;;;;;
R$ 200,00 de desconto em compras acima de R$ 1.950,00 no Shoptime. Exceto: https://www.shoptime.com.br/landingpage/exceto-tech200?opn=AFLSHOP&epar=b2wafiliados. Apenas um uso por CPF;;;publish;code;31/03/2021 23:59;0;TECH200;https://www.shoptime.com.br/;https://redir.lomadee.com/v2/87b7318dda;Shoptime;Mais Ofertas;;;;;;;;;;;;;;;;;;;
R$ 300,00 de desconto em compras acima de R$ 2.950,00 no Shoptime. Exceto: https://www.shoptime.com.br/landingpage/exceto-tech300?opn=AFLSHOP&epar=b2wafiliados. Apenas um uso por CPF;;;publish;code;31/03/2021 23:59;0;TECH300;https://www.shoptime.com.br/;https://redir.lomadee.com/v2/87ae3eee96;Shoptime;Mais Ofertas;;;;;;;;;;;;;;;;;;;
15% de desconto em seleção de produtos para Bebês no Shoptime;;;publish;code;31/03/2021 23:59;15;BEBE15;https://www.shoptime.com.br/;https://redir.lomadee.com/v2/87bbf3d795;Shoptime;Mais Ofertas;;;;;;;;;;;;;;;;;;;
10% de desconto em seleção de produtos La Cuisine no Shoptime;;;publish;code;31/03/2021 23:59;10;COZINHA10;https://www.shoptime.com.br/;https://redir.lomadee.com/v2/87c41088a2;Shoptime;Mais Ofertas;;;;;;;;;;;;;;;;;;;
20% de desconto em Todos os Produtos na SOLY BRASIL;;;publish;code;31/03/2021 23:59;20;promo20;https://www.solybrasil.com.br/;https://redir.lomadee.com/v2/872a18a880;Soly Brasil;Moda e Acessórios;;;;;;;;;;;;;;;;;;;
25% de desconto em compras acima de R$ 150,00 na SOLY BRASIL;;;publish;code;31/03/2021 23:59;25;cupom150;https://www.solybrasil.com.br/;https://redir.lomadee.com/v2/872a18a880;Soly Brasil;Moda e Acessórios;;;;;;;;;;;;;;;;;;;
Frete Grátis para São Paulo e Rio de Janeiro em compras acima de R$80,00 na SOLY BRASIL;;;publish;code;31/03/2021 23:59;100;fretesp0800;https://www.solybrasil.com.br/;https://redir.lomadee.com/v2/872a18a880;Soly Brasil;Moda e Acessórios;;;;;;;;;;;;;;;;;;;
15% de desconto em seleção de Games no Submarino. Válido para clientes que compraram no Submarino nos últimos 12 meses;;;publish;code;31/03/2021 23:59;15;VEMGAMER;https://www.submarino.com.br/;https://redir.lomadee.com/v2/8761e94dc8;Submarino ;Games;;;;;;;;;;;;;;;;;;;
10% de desconto em seleção de Casa e Construção no Submarino. Válido para clientes que realizaram compra nos últimos 12 meses;;;publish;code;31/03/2021 23:59;10;SUBPRACASA;https://www.submarino.com.br/;https://redir.lomadee.com/v2/878c127003;Submarino ;Casa e Decoração;;;;;;;;;;;;;;;;;;;
20% de desconto em seleção de Bancos e Cadeiras no Submarino. Apenas 1 item por pedido, 1 pedido por CPF. Válido para clientes que tenham feito pelo menos 1 compra nos últimos 12 meses;;;publish;code;31/03/2021 23:59;20;SUBCONFORTO;https://www.submarino.com.br/;https://redir.lomadee.com/v2/87662e955b;Submarino ;Casa e Decoração;;;;;;;;;;;;;;;;;;;
10% de desconto em seleção de Livros no Submarino;;;publish;code;31/03/2021 23:59;10;URL CUPONADA;https://www.submarino.com.br/;https://redir.lomadee.com/v2/8721d469b5;Submarino ;Livros;;;;;;;;;;;;;;;;;;;
10% de desconto em seleção de livros da Editora Darkside no Submarino;;;publish;code;31/03/2021 23:59;10;DARKSIDE;https://www.submarino.com.br/;https://redir.lomadee.com/v2/873fde47ba;Submarino ;Livros;;;;;;;;;;;;;;;;;;;
10% de desconto em livros da Editora Rocco no Submarino;;;publish;code;31/03/2021 23:59;10;ROCCO;https://www.submarino.com.br/;https://redir.lomadee.com/v2/870a429ad3;Submarino ;Livros;;;;;;;;;;;;;;;;;;;
10% de desconto em livros da Editora Arqueiro no Submarino;;;publish;code;31/03/2021 23:59;10;ARQUEIRO;https://www.submarino.com.br/;https://redir.lomadee.com/v2/87fa2fe3c2;Submarino ;Livros;;;;;;;;;;;;;;;;;;;
10% de desconto em livros da Editora Sextante no Submarino;;;publish;code;31/03/2021 23:59;10;SEXTANTE;https://www.submarino.com.br/;https://redir.lomadee.com/v2/87b3b8259d;Submarino ;Livros;;;;;;;;;;;;;;;;;;;
10% de desconto em livros da Editora Harper Collins no Submarino;;;publish;code;31/03/2021 23:59;10;HARPER;https://www.submarino.com.br/;https://redir.lomadee.com/v2/87ed044e53;Submarino ;Livros;;;;;;;;;;;;;;;;;;;
15% de desconto em seleção de Pet Shop no Submarino. Apenas 1 item por pedido, 1 pedido por CPF. Válido para clientes que realizaram compra nos últimos 12 meses;;;publish;code;31/03/2021 23:59;15;VEMPETSHOP;https://www.submarino.com.br/;https://redir.lomadee.com/v2/87fc48df5f;Submarino ;Mais Ofertas;;;;;;;;;;;;;;;;;;;
10% de desconto no site todo;;;publish;code;31/03/2021 23:59;10;LOMA10OFFSMB;https://www.uilist.com.br/;https://redir.lomadee.com/v2/874744eb71;Suplementos mais baratos;Esportes e Lazer;;;;;;;;;;;;;;;;;;;
6% de desconto cumulativo com outras promoções + Frete Grátis em TODOS PRODUTOS na UNIFLORES;;;publish;code;31/03/2021 23:59;6;vip2020;https://www.uniflores.com.br/;https://redir.lomadee.com/v2/87e2d58e9e;Uniflores;Mais Ofertas;;;;;;;;;;;;;;;;;;;
10% de desconto em Primeira Compra na Universo Kids;;;publish;code;31/03/2021 23:59;10;unikids10;https://www.lojauniversokids.com/;https://redir.lomadee.com/v2/878e316498;Universo Kids;Moda e Acessórios;;;;;;;;;;;;;;;;;;;
10% de desconto no Ômega 3 concentrado e selo internacional da Vhita;;;publish;code;31/03/2021 23:59;10;10AF;https://www.vhita.com.br/;https://redir.lomadee.com/v2/872ed69df7;Vhita;Saúde e Beleza;;;;;;;;;;;;;;;;;;;
10% de desconto no Collagen, o colágeno para a pele da Vhita;;;publish;code;31/03/2021 23:59;10;10AF;https://www.vhita.com.br/;https://redir.lomadee.com/v2/87e0d7183a;Vhita;Saúde e Beleza;;;;;;;;;;;;;;;;;;;
10% de desconto no AGIL PLUS, o colágeno tipo II da Vhita;;;publish;code;31/03/2021 23:59;10;10AF;https://www.vhita.com.br/;https://redir.lomadee.com/v2/874a7c3fe5;Vhita;Saúde e Beleza;;;;;;;;;;;;;;;;;;;
10% de desconto no BCAA 2:1:1 com tecnologia japonesa da Vhita;;;publish;code;31/03/2021 23:59;10;10AF;https://www.vhita.com.br/;https://redir.lomadee.com/v2/8769d35dfe;Vhita;Saúde e Beleza;;;;;;;;;;;;;;;;;;;
10% de desconto no Body, o colágeno para músculo da Vhita;;;publish;code;31/03/2021 23:59;10;10AF;https://www.vhita.com.br/;https://redir.lomadee.com/v2/872c43603e;Vhita;Saúde e Beleza;;;;;;;;;;;;;;;;;;;
10% de desconto no Whey Protein da Vhita;;;publish;code;31/03/2021 23:59;10;10AF;https://www.vhita.com.br/;https://redir.lomadee.com/v2/8780b40224;Vhita;Saúde e Beleza;;;;;;;;;;;;;;;;;;;
10% de desconto na loja toda da Vhita;;;publish;code;31/03/2021 23:59;10;10AF;https://www.vhita.com.br/;https://redir.lomadee.com/v2/8707bb38fa;Vhita;Saúde e Beleza;;;;;;;;;;;;;;;;;;;
10% de desconto da vitamina C da Vhita;;;publish;code;31/03/2021 23:59;10;10AF;https://www.vhita.com.br/;https://redir.lomadee.com/v2/87e222575d;Vhita;Saúde e Beleza;;;;;;;;;;;;;;;;;;;
10% de desconto da vitamina D da Vhita;;;publish;code;31/03/2021 23:59;10;10AF;https://www.vhita.com.br/;https://redir.lomadee.com/v2/875472f009;Vhita;Saúde e Beleza;;;;;;;;;;;;;;;;;;;
Frete grátis acima de R$ 220,00 na Vhita;;;publish;sale;31/03/2021 23:59;0;URL CUPONADA;https://www.vhita.com.br/;https://redir.lomadee.com/v2/879d80d16a;Vhita;Saúde e Beleza;;;;;;;;;;;;;;;;;;;
R$ 10,00 de desconto em compras acima de R$ 80,00 na Vhita;;;publish;code;31/03/2021 23:59;10;R10AF;https://www.vhita.com.br/;https://redir.lomadee.com/v2/879d80d16a;Vhita;Saúde e Beleza;;;;;;;;;;;;;;;;;;;
FRETE GRÁTIS Rio e Grande Rio a partir de R$ 2.500;;;publish;sale;31/03/2021 23:59;0;URL CUPONADA;https://www.viggore.com.br/;https://redir.lomadee.com/v2/8783006484;Viggore;Casa e Decoração;;;;;;;;;;;;;;;;;;;
15% de desconto;;;publish;code;31/03/2021 23:59;15;FGZAFUL;https://br.zaful.com/;https://redir.lomadee.com/v2/87d203df0f;Zaful;Moda e Acessórios;;;;;;;;;;;;;;;;;;;
$20 OFF $3,$40 OFF $6,$60 OFF $9,$80 OFF $12,$100 OFF $15,$120 OFF $18,$140 OFF $21,$160 OFF $24,$200 OFF $30,$300 OFF $45;;;publish;code;31/03/2021 23:59;45;ZFIRST;https://br.zaful.com/;https://redir.lomadee.com/v2/87c40cde53;Zaful;Moda e Acessórios;;;;;;;;;;;;;;;;;;;
15% de desconto;;;publish;code;31/03/2021 23:59;15;ZFSHOP;https://br.zaful.com/;https://redir.lomadee.com/v2/87c40cde53;Zaful;Moda e Acessórios;;;;;;;;;;;;;;;;;;;
18% desconto;;;publish;code;31/03/2021 23:59;18;FUN18;https://br.zaful.com/;https://redir.lomadee.com/v2/87c40cde53;Zaful;Moda e Acessórios;;;;;;;;;;;;;;;;;;;
15% OFF €55, 25% OFF €115;;;publish;code;31/03/2021 23:59;25;ZVVIP;https://br.zaful.com/;https://redir.lomadee.com/v2/8783a664ac;Zaful;Moda e Acessórios;;;;;;;;;;;;;;;;;;;
18% OFF $49, 20% OFF $59;;;publish;sale;31/03/2021 23:59;20;URL CUPONADA;https://br.zaful.com/;https://redir.lomadee.com/v2/87d203df0f;Zaful;Moda e Acessórios;;;;;;;;;;;;;;;;;;;
$30 OFF $5,$60 OFF $10,$90 OFF $15,$120 OFF $20,$150 OFF $25,$180 OFF $30,$210 OFF $35,$240 OFF $40,$270 OFF $45,$300 OFF $50;;;publish;code;31/03/2021 23:59;16;CLOSET;https://br.zaful.com/;https://redir.lomadee.com/v2/87d203df0f;Zaful;Moda e Acessórios;;;;;;;;;;;;;;;;;;;
16% OFF R$280,18% OFF R$480,25% OFF R$680;;;publish;code;31/03/2021 23:59;25;BR20V;https://br.zaful.com/;https://redir.lomadee.com/v2/87d203df0f;Zaful;Moda e Acessórios;;;;;;;;;;;;;;;;;;;
20% OFF $168;;;publish;code;31/03/2021 23:59;20;VIP22;https://br.zaful.com/;https://redir.lomadee.com/v2/87d203df0f;Zaful;Moda e Acessórios;;;;;;;;;;;;;;;;;;;
ZAIT JEANS. 10% DE DESCONTO EM TODO O SITE.;;;publish;code;31/03/2021 23:59;10;LOMADEE;https://zait.com.br/;https://redir.lomadee.com/v2/87c0681f4b;Zait Jeans;Moda e Acessórios;;;;;;;;;;;;;;;;;;;
10% de desconto no site todo;;;publish;code;31/03/2021 23:59;10;lomadee10;https://www.zalikacosmeticos.com.br/;https://redir.lomadee.com/v2/8763ffc690;Zalika Cosméticos;Saúde e Beleza;;;;;;;;;;;;;;;;;;;
R$ 50,00 de desconto em compras acima de R$ 300,00 na Zalika;;;publish;code;31/03/2021 23:59;50;AMO50MENOS;https://www.zalikacosmeticos.com.br/;https://redir.lomadee.com/v2/8763ffc690;Zalika Cosméticos;Saúde e Beleza;;;;;;;;;;;;;;;;;;;
R$ 75,00 de desconto em compras acima de R$ 500,00 na Zalika;;;publish;code;31/03/2021 23:59;75;AMO75MENOS;https://www.zalikacosmeticos.com.br/;https://redir.lomadee.com/v2/8763ffc690;Zalika Cosméticos;Saúde e Beleza;;;;;;;;;;;;;;;;;;;
25% de desconto em Seleção Incrível de Calçados na Zattini;;;publish;code;31/03/2021 23:59;25;ZATCALCADOS;https://www.zattini.com.br/;https://redir.lomadee.com/v2/87cd2dcc41;Zattini;Moda e Acessórios;;;;;;;;;;;;;;;;;;;
30% de desconto em Roupas Top Marcas na Zattini;;;publish;code;31/03/2021 23:59;30;ZATROUPAS;https://www.zattini.com.br/;https://redir.lomadee.com/v2/87354d4ed5;Zattini;Moda e Acessórios;;;;;;;;;;;;;;;;;;;
Até 30% de desconto em Produtos Infantis na Zattini;;;publish;code;31/03/2021 23:59;20;ZATINFANTIL;https://www.zattini.com.br/;https://redir.lomadee.com/v2/87e2c9cdfd;Zattini;Moda e Acessórios;;;;;;;;;;;;;;;;;;;
Até 20% de desconto em parceiros na Zattini;;;publish;code;31/03/2021 23:59;10;ZATMKTP;https://www.zattini.com.br/;https://redir.lomadee.com/v2/87e46e0e31;Zattini;Moda e Acessórios;;;;;;;;;;;;;;;;;;;
25% de desconto em Linha completa de Acessórios na Zattini;;;publish;code;31/03/2021 23:59;30;ZATACESSORIOS;https://www.zattini.com.br/;https://redir.lomadee.com/v2/87ae6ca1e7;Zattini;Moda e Acessórios;;;;;;;;;;;;;;;;;;;
20% de desconto em todos os produtos na Zattini *exceto selo ESPORTE e é válido apenas para produtos vendidos e entregues por Zattini;;;publish;code;31/03/2021 23:59;20;TOPZAT20;https://www.zattini.com.br/;https://redir.lomadee.com/v2/87cbd3af4f;Zattini;Moda e Acessórios;;;;;;;;;;;;;;;;;;;
R$ 90,00 de desconto em compras a partir de R$ 199,99 na Zattini;;;publish;code;31/03/2021 23:59;90;GANHEDESCONTO;https://www.zattini.com.br/;https://redir.lomadee.com/v2/870fc4e1d1;Zattini;Moda e Acessórios;;;;;;;;;;;;;;;;;;;
30% de desconto em PRODUTOS INFANTIS DA LISTA na Zattini;;;publish;code;31/03/2021 23:59;30;ZATINFANTIL;https://www.zattini.com.br/;https://redir.lomadee.com/v2/874e0516ed;Zattini;Moda e Acessórios;;;;;;;;;;;;;;;;;;;
25% de desconto em Produtos Shoestock na Zattini;;;publish;code;31/03/2021 23:59;25;ZATSHOES;https://www.zattini.com.br/;https://redir.lomadee.com/v2/87cc06ab78;Zattini;Moda e Acessórios;;;;;;;;;;;;;;;;;;;
30% de desconto em lista de BELEZA na Zattini;;;publish;code;31/03/2021 23:59;25;ZATBELEZA;https://www.zattini.com.br/;https://redir.lomadee.com/v2/87af262f25;Zattini;Saúde e Beleza;;;;;;;;;;;;;;;;;;;
;;;;;;;;;;;;;;;Alto Giro;AltoGiro;;;https://altogiro.net/;;;;;https://www.lomadee.com/programas/BR/6336/logo_185x140.png;;;;;;
;;;;;;;;;;;;;;;Americanas;Americanas;;;https://www.americanas.com.br/;;;;;https://www.lomadee.com/programas/BR/5632/logo_185x140.png;;;;;;
;;;;;;;;;;;;;;;Anker;Anker;;;https://www.ankeroficial.com.br/;;;;;https://www.lomadee.com/programas/BR/6210/logo_185x140.png;;;;;;
;;;;;;;;;;;;;;;Aramis;Aramis;;;https://www.aramis.com.br/;;;;;https://www.lomadee.com/programas/BR/6110/logo_185x140.png;;;;;;
;;;;;;;;;;;;;;;Baitashop;Baitashop;;;https://www.baitashop.com.br/;;;;;https://www.lomadee.com/programas/BR/6599/logo_185x140.png;;;;;;
;;;;;;;;;;;;;;;Banggood;Banggood;;;https://www.banggood.com;;;;;https://www.lomadee.com/programas/BR/6427/logo_185x140.png;;;;;;
;;;;;;;;;;;;;;;Bunker;Bunker;;;https://usebunker.com.br/;;;;;https://www.lomadee.com/programas/BR/6614/logo_185x140.png;;;;;;
;;;;;;;;;;;;;;;Color Brinque;ColorBrinque;;;https://www.colorbrinque.com.br/;;;;;https://www.lomadee.com/programas/BR/6592/logo_185x140.png;;;;;;
;;;;;;;;;;;;;;;Comix;Comix;;;https://www.comix.com.br/;;;;;https://www.lomadee.com/programas/BR/6423/logo_185x140.png;;;;;;
;;;;;;;;;;;;;;;Descomplica;Descomplica;;;https://descomplica.com.br/;;;;;https://www.lomadee.com/programas/BR/6577/logo_185x140.png;;;;;;
;;;;;;;;;;;;;;;DesignUP Living;DesignUPLiving;;;https://www.designupliving.com/;;;;;https://www.lomadee.com/programas/BR/6716/logo_185x140.png;;;;;;
;;;;;;;;;;;;;;;EAD 360 GRAUS;EAD360GRAUS;;;https://www.ead360graus.com.br/;;;;;https://www.lomadee.com/programas/BR/6532/logo_185x140.png;;;;;;
;;;;;;;;;;;;;;;Editora Foco;EditoraFoco;;;https://www.editorafoco.com.br/;;;;;https://www.lomadee.com/programas/BR/6245/logo_185x140.png;;;;;;
;;;;;;;;;;;;;;;Electrolux;Electrolux;;;https://loja.electrolux.com.br/;;;;;https://www.lomadee.com/programas/BR/6078/logo_185x140.png;;;;;;
;;;;;;;;;;;;;;;Found IT;FoundIT;;;https://www.foundit.com.br/;;;;;https://www.lomadee.com/programas/BR/6433/logo_185x140.png;;;;;;
;;;;;;;;;;;;;;;Frio Peças;FrioPecas;;;https://www.friopecas.com.br/;;;;;https://www.lomadee.com/programas/BR/6226/logo_185x140.png;;;;;;
;;;;;;;;;;;;;;;Gazin;Gazin;;;https://www.gazin.com.br/;;;;;https://www.lomadee.com/programas/BR/6280/logo_185x140.png;;;;;;
;;;;;;;;;;;;;;;Grupo A;GrupoA;;;https://www.grupoa.com.br/;;;;;https://www.lomadee.com/programas/BR/6362/logo_185x140.png;;;;;;
;;;;;;;;;;;;;;;Guitarpedia;Guitarpedia;;;https://www.guitarpedia.com.br/;;;;;https://www.lomadee.com/programas/BR/6441/logo_185x140.png;;;;;;
;;;;;;;;;;;;;;;Home is…;Homeis;;;https://www.homeis.com.br/;;;;;https://www.lomadee.com/programas/BR/6450/logo_185x140.png;;;;;;
;;;;;;;;;;;;;;;iRobot;iRobot;;;https://www.irobotloja.com.br/;;;;;https://www.lomadee.com/programas/BR/6209/logo_185x140.png;;;;;;
;;;;;;;;;;;;;;;Koralle;Koralle;;;https://www.koralle.com.br/;;;;;https://www.lomadee.com/programas/BR/6276/logo_185x140.png;;;;;;
;;;;;;;;;;;;;;;Lendari Store;LendariStore;;;https://www.lendaristore.com.br/;;;;;https://www.lomadee.com/programas/BR/6602/logo_185x140.png;;;;;;
;;;;;;;;;;;;;;;Livraria Florence;LivrariaFlorence;;;https://www.livrariaflorence.com.br/;;;;;https://www.lomadee.com/programas/BR/6468/logo_185x140.png;;;;;;
;;;;;;;;;;;;;;;Loccitane;Loccitane;;;https://br.loccitaneaubresil.com/;;;;;https://www.lomadee.com/programas/BR/5998/logo_185x140.png;;;;;;
;;;;;;;;;;;;;;;LojasMM;LojasMM;;;https://lojasmm.com/;;;;;https://www.lomadee.com/programas/BR/6697/logo_185x140.png;;;;;;
;;;;;;;;;;;;;;;Magrela Shop;MagrelaShop;;;https://www.magrelashop.com.br/;;;;;https://www.lomadee.com/programas/BR/6451/logo_185x140.png;;;;;;
;;;;;;;;;;;;;;;Mamorena;Mamorena;;;https://mamorena.com.br/;;;;;https://www.lomadee.com/programas/BR/6559/logo_185x140.png;;;;;;
;;;;;;;;;;;;;;;Mobly;Mobly;;;https://www.mobly.com.br/;;;;;https://www.lomadee.com/programas/BR/5751/logo_185x140.png;;;;;;
;;;;;;;;;;;;;;;Nathus Brasil;Nathus Brasil;;;https://www.nathusbrasil.com.br/;;;;;https://www.lomadee.com/programas/BR/6251/logo_185x140.png;;;;;;
;;;;;;;;;;;;;;;Newbeach;Newbeach;;;https://newbeach.com.br/;;;;;https://www.lomadee.com/programas/BR/6554/logo_185x140.png;;;;;;
;;;;;;;;;;;;;;;NutriBullet;NutriBullet;;;https://www.nutribulletbrasil.com.br/;;;;;https://www.lomadee.com/programas/BR/6211/logo_185x140.png;;;;;;
;;;;;;;;;;;;;;;Pajaris;Pajaris;;;https://www.pajaris.com.br/;;;;;https://www.lomadee.com/programas/BR/6624/logo_185x140.png;;;;;;
;;;;;;;;;;;;;;;Petit Louarth;PetitLouarth;;;https://www.petitlouarth.com.br/;;;;;https://www.lomadee.com/programas/BR/6516/logo_185x140.png;;;;;;
;;;;;;;;;;;;;;;QUINTA DELL'ARTE;QUINTADELLARTE;;;https://www.quintadellarte.com.br/;;;;;https://www.lomadee.com/programas/BR/6491/logo_185x140.png;;;;;;
;;;;;;;;;;;;;;;Repassa;Repassa;;;https://www.repassa.com.br/;;;;;https://www.lomadee.com/programas/BR/6104/logo_185x140.png;;;;;;
;;;;;;;;;;;;;;;RZM Shop;RZMShop;;;https://rzmshop.com.br/;;;;;https://www.lomadee.com/programas/BR/6328/logo_185x140.png;;;;;;
;;;;;;;;;;;;;;;Shoptime;Shoptime;;;https://www.shoptime.com.br/;;;;;https://www.lomadee.com/programas/BR/5644/logo_185x140.png;;;;;;
;;;;;;;;;;;;;;;Soly Brasil;SolyBrasil;;;https://www.solybrasil.com.br/;;;;;https://www.lomadee.com/programas/BR/6677/logo_185x140.png;;;;;;
;;;;;;;;;;;;;;;Submarino ;Submarino ;;;https://www.submarino.com.br/;;;;;https://www.lomadee.com/programas/BR/5766/logo_185x140.png;;;;;;
;;;;;;;;;;;;;;;Suplementos mais baratos;Suplementosmaisbaratos;;;https://www.uilist.com.br/;;;;;https://www.lomadee.com/programas/BR/6371/logo_185x140.png;;;;;;
;;;;;;;;;;;;;;;Uniflores;Uniflores;;;https://www.uniflores.com.br/;;;;;https://www.lomadee.com/programas/BR/6449/logo_185x140.png;;;;;;
;;;;;;;;;;;;;;;Universo Kids;UniversoKids;;;https://www.lojauniversokids.com/;;;;;https://www.lomadee.com/programas/BR/6522/logo_185x140.png;;;;;;
;;;;;;;;;;;;;;;Vhita;Vhita;;;https://www.vhita.com.br/;;;;;https://www.lomadee.com/programas/BR/6481/logo_185x140.png;;;;;;
;;;;;;;;;;;;;;;Viggore;Viggore;;;https://www.viggore.com.br/;;;;;https://www.lomadee.com/programas/BR/6513/logo_185x140.png;;;;;;
;;;;;;;;;;;;;;;Zaful;Zaful;;;https://br.zaful.com/;;;;;https://www.lomadee.com/programas/BR/6166/logo_185x140.png;;;;;;
;;;;;;;;;;;;;;;Zait Jeans;ZaitJeans;;;https://zait.com.br/;;;;;https://www.lomadee.com/programas/BR/6561/logo_185x140.png;;;;;;
;;;;;;;;;;;;;;;Zalika Cosméticos;ZalikaCosméticos;;;https://www.zalikacosmeticos.com.br/;;;;;https://www.lomadee.com/programas/BR/6385/logo_185x140.png;;;;;;